Item ID,Name,Width (cm),Depth (cm),Height (cm),Mass (kg),Priority (1-100),Expiry Date,Usage Limit,Preferred Zone
0001,Tools Two,48,17,16,27.32,96,2026-01-02,78,Airlock
0002,Scientific Because,9,44,6,47.2,66,2027-03-26,64,Airlock
0003,Medical Friend,20,41,49,10.19,53,N/A,1000,Airlock
0004,Equipment Born,10,6,9,26.2,42,2026-08-08,56,Laboratory
0005,Equipment Oil,31,40,37,32.46,24,2025-08-23,67,Laboratory
0006,Water Project,34,18,6,32.1,87,N/A,1000,Medical Bay
0007,Scientific Join,18,15,8,9.41,99,2027-01-24,74,Airlock
0008,Scientific Race,21,5,48,18.03,19,2026-04-29,51,Laboratory
0009,Scientific Same,39,39,31,8.71,74,2027-02-26,89,Storage Module
0010,Oxygen Better,14,39,7,25.16,72,2027-02-02,22,Airlock
0011,Water Third,23,24,5,43.67,79,2026-06-02,47,Crew Quarters
0012,Medical New,36,33,25,30.19,32,2027-02-23,40,Crew Quarters
0013,Water Ability,19,13,10,25.63,53,2027-03-05,12,Laboratory
0014,Tools Stuff,24,40,40,4.81,29,N/A,1000,Medical Bay
0015,Food Democratic,15,15,15,47.7,84,2026-06-08,98,Crew Quarters
0016,Scientific Watch,11,25,12,43.49,16,2026-03-24,54,Storage Module
0017,Water Spring,17,14,24,47.78,90,2025-10-05,9,Crew Quarters
0018,Food Thought,30,13,40,19.63,13,2025-10-08,25,Airlock
0019,Oxygen Only,40,19,13,3.75,10,2025-07-13,42,Airlock
0020,Oxygen Seven,6,47,11,15.65,19,2025-05-06,31,Airlock
0021,Water Task,14,32,49,2.85,93,N/A,1000,Crew Quarters
0022,Food Fly,43,29,20,19.78,17,2026-02-03,57,Laboratory
0023,Equipment Feeling,10,11,39,42.9,19,2025-12-01,80,Medical Bay
0024,Oxygen Six,42,13,48,2.59,62,2025-09-28,93,Airlock
0025,Food Push,10,41,20,23.73,76,2027-01-23,81,Medical Bay
0026,Equipment Until,45,42,15,17.89,30,2026-07-05,86,Airlock
0027,Tools Wrong,20,46,32,42.13,72,2025-08-08,40,Laboratory
0028,Medical Material,49,39,30,36.11,33,2026-10-17,41,Crew Quarters
0029,Scientific Country,37,46,48,34.3,34,2026-12-09,28,Crew Quarters
0030,Oxygen Tree,28,6,32,14.8,25,2026-12-27,87,Medical Bay
0031,Medical Fish,39,9,43,16.57,88,2025-05-26,94,Medical Bay
0032,Water Appear,37,28,22,3.44,83,2026-01-16,74,Crew Quarters
0033,Oxygen With,30,16,10,48.25,39,2025-08-19,93,Storage Module
0034,Oxygen Program,30,27,29,25.03,26,2025-09-18,36,Crew Quarters
0035,Water Assume,46,11,35,28.45,93,2026-07-16,87,Storage Module
0036,Scientific Available,24,41,46,18.84,71,2026-01-04,44,Laboratory
0037,Tools Several,33,36,35,47.58,16,N/A,1000,Laboratory
0038,Scientific From,49,28,15,42.11,72,2025-09-03,4,Laboratory
0039,Oxygen Likely,8,18,13,40.29,42,2027-01-12,4,Airlock
0040,Water Such,8,45,6,5.62,8,N/A,1000,Crew Quarters
0041,Scientific Language,6,35,19,37.82,78,2027-02-25,26,Medical Bay
0042,Equipment Friend,41,27,23,44.59,67,2025-12-15,21,Medical Bay
0043,Oxygen His,43,25,49,11.76,56,2026-02-07,7,Crew Quarters
0044,Oxygen Speak,21,17,39,2.66,61,2026-03-08,20,Airlock
0045,Scientific Shoulder,22,28,14,43.69,10,2026-09-02,31,Laboratory
0046,Scientific Response,28,39,19,3.49,81,2026-08-31,4,Airlock
0047,Equipment Figure,5,14,19,25.07,82,2026-11-17,17,Laboratory
0048,Oxygen Have,34,11,20,29.08,45,2025-06-26,31,Crew Quarters
0049,Tools Entire,21,34,48,8.15,49,2025-12-06,35,Medical Bay
0050,Equipment Probably,44,21,41,20.17,18,2025-07-05,94,Laboratory
0051,Medical Seat,49,29,14,38.54,24,2025-05-13,35,Crew Quarters
0052,Scientific Say,27,5,49,8.79,91,2026-07-29,6,Storage Module
0053,Scientific Bank,45,32,46,31.0,20,2026-03-17,80,Storage Module
0054,Tools Huge,8,6,36,13.0,95,2026-01-21,21,Crew Quarters
0055,Food Focus,44,35,10,13.2,41,2026-09-22,33,Laboratory
0056,Water Range,30,16,43,41.98,75,2027-01-22,57,Medical Bay
0057,Food Pass,17,17,14,3.94,50,2026-10-10,21,Laboratory
0058,Tools Thus,8,14,26,44.78,73,2027-01-15,7,Storage Module
0059,Oxygen Top,8,26,10,31.04,46,2025-11-03,56,Crew Quarters
0060,Equipment None,35,11,44,31.43,82,2027-02-11,32,Crew Quarters
0061,Water House,38,35,8,38.15,44,2025-10-18,55,Storage Module
0062,Oxygen Total,21,46,27,13.48,2,2027-01-09,59,Crew Quarters
0063,Equipment Value,23,34,5,5.41,95,2025-11-12,22,Storage Module
0064,Water Provide,8,13,29,13.25,58,2025-09-15,80,Storage Module
0065,Food Director,5,38,10,26.76,34,2027-03-11,99,Storage Module
0066,Food Break,15,12,17,42.94,60,2027-03-02,42,Crew Quarters
0067,Water Ten,46,18,9,49.6,7,2025-07-16,51,Crew Quarters
0068,Scientific Would,7,35,5,10.19,85,2025-06-11,72,Laboratory
0069,Tools Agent,40,17,39,16.68,61,2026-03-09,25,Storage Module
0070,Water Thus,25,15,46,11.74,82,N/A,1000,Airlock
0071,Oxygen Per,48,48,36,43.09,40,2026-03-11,19,Medical Bay
0072,Medical Benefit,14,26,14,16.5,75,2026-08-21,51,Storage Module
0073,Equipment Simply,14,47,8,30.38,95,2026-02-24,93,Laboratory
0074,Food She,7,24,26,34.79,32,2025-07-06,22,Storage Module
0075,Scientific Speech,9,19,35,23.94,34,N/A,1000,Crew Quarters
0076,Food Road,11,22,11,4.76,97,2026-10-11,68,Crew Quarters
0077,Equipment Question,39,41,38,45.97,34,2026-12-13,8,Laboratory
0078,Tools Group,13,43,31,49.06,90,2026-08-05,65,Laboratory
0079,Tools Away,48,27,38,46.68,41,2026-03-11,35,Airlock
0080,Oxygen Relate,30,26,19,29.35,25,2026-08-23,53,Airlock
0081,Equipment Among,39,14,10,4.7,95,N/A,1000,Airlock
0082,Equipment Fire,19,8,15,8.3,100,2026-08-06,22,Crew Quarters
0083,Equipment Walk,32,47,11,12.14,81,2026-05-20,64,Crew Quarters
0084,Oxygen Rock,43,45,30,31.68,100,2027-02-03,41,Laboratory
0085,Scientific Price,43,23,5,24.1,73,2026-05-05,11,Storage Module
0086,Tools Bill,9,36,44,8.45,26,2026-05-02,92,Medical Bay
0087,Equipment Next,30,22,41,7.6,20,2026-08-24,92,Laboratory
0088,Tools Morning,7,35,32,38.73,99,2026-03-13,7,Airlock
0089,Oxygen Share,12,33,28,37.91,66,N/A,1000,Medical Bay
0090,Water Increase,31,14,24,27.37,70,2025-07-27,78,Storage Module
0091,Oxygen Ago,18,39,13,7.65,98,2026-11-22,16,Medical Bay
0092,Equipment World,37,41,21,43.46,8,2025-07-06,97,Medical Bay
0093,Oxygen Culture,31,35,20,2.09,67,2027-03-19,72,Laboratory
0094,Equipment Game,23,11,44,16.79,4,2026-11-26,30,Laboratory
0095,Equipment Almost,40,19,14,26.44,69,2027-02-20,71,Medical Bay
0096,Tools Sister,6,11,29,17.8,32,2026-06-18,74,Medical Bay
0097,Medical Democratic,34,6,7,37.37,4,2026-04-19,12,Airlock
0098,Medical Strong,10,40,20,26.96,24,N/A,1000,Crew Quarters
0099,Medical This,23,30,23,16.11,36,2026-02-09,60,Crew Quarters
0100,Equipment Future,21,15,48,17.72,69,2026-07-13,73,Medical Bay
0101,Tools Book,17,17,22,9.97,90,2025-08-22,35,Airlock
0102,Food Again,26,30,29,25.99,14,2027-03-12,21,Medical Bay
0103,Medical Test,12,11,36,26.0,50,2025-10-25,1,Crew Quarters
0104,Oxygen Safe,17,39,45,43.27,19,2026-06-08,13,Medical Bay
0105,Tools Herself,48,17,18,41.01,92,N/A,1000,Storage Module
0106,Water Interest,36,22,25,15.76,89,2025-07-20,56,Medical Bay
0107,Tools Organization,9,8,39,19.7,40,2026-03-11,33,Laboratory
0108,Water Which,36,7,48,16.37,70,2026-02-18,32,Medical Bay
0109,Tools Send,30,42,32,47.63,50,2026-04-03,48,Laboratory
0110,Tools Much,43,22,47,9.87,6,2025-11-24,31,Airlock
0111,Water Remain,17,16,47,41.97,34,2025-08-04,69,Storage Module
0112,Equipment Chair,45,48,23,5.72,88,N/A,1000,Storage Module
0113,Water Baby,26,26,49,17.27,90,2026-11-24,13,Medical Bay
0114,Tools Garden,43,19,7,19.96,69,2025-06-15,62,Laboratory
0115,Scientific Alone,32,41,7,8.6,4,2026-06-28,31,Laboratory
0116,Scientific Party,13,35,48,23.19,88,2027-03-30,89,Storage Module
0117,Tools Heart,31,46,40,35.72,27,2026-09-23,62,Laboratory
0118,Medical Sing,15,34,18,2.2,40,2025-07-23,74,Crew Quarters
0119,Water Price,33,43,6,22.17,20,N/A,1000,Storage Module
0120,Equipment Pay,23,45,14,32.42,56,2026-02-22,83,Crew Quarters
0121,Scientific Week,10,21,17,10.04,39,2026-10-21,43,Crew Quarters
0122,Water Focus,27,12,34,5.43,42,N/A,1000,Medical Bay
0123,Scientific Down,15,29,44,47.34,39,2026-03-11,66,Storage Module
0124,Equipment Approach,13,26,12,13.3,58,2026-03-20,78,Medical Bay
0125,Equipment Night,36,28,29,22.97,82,N/A,1000,Airlock
0126,Tools Buy,43,38,27,1.08,24,2027-03-16,74,Crew Quarters
0127,Scientific Else,16,5,17,21.66,59,2026-06-21,23,Medical Bay
0128,Medical Leave,37,40,38,45.84,34,2025-08-13,17,Storage Module
0129,Tools Different,34,41,6,14.08,7,2027-03-29,61,Medical Bay
0130,Oxygen Force,47,12,35,49.81,66,2026-01-31,3,Medical Bay
0131,Medical Lay,10,45,35,49.48,59,2025-10-27,74,Medical Bay
0132,Tools Field,44,25,15,5.53,41,2026-04-20,49,Airlock
0133,Equipment Finish,13,42,45,15.55,40,2025-08-24,72,Laboratory
0134,Scientific East,36,47,42,35.51,79,2025-05-25,53,Airlock
0135,Equipment Policy,10,37,12,6.74,70,2025-10-16,2,Storage Module
0136,Scientific Attention,23,6,31,47.57,96,2026-04-29,2,Laboratory
0137,Equipment Argue,9,28,43,46.61,68,2026-09-13,67,Laboratory
0138,Water Front,10,9,7,13.86,23,2025-05-04,40,Medical Bay
0139,Water Health,19,43,26,45.48,66,N/A,1000,Laboratory
0140,Scientific Summer,13,9,17,42.15,61,2026-10-25,33,Crew Quarters
0141,Medical Important,17,15,36,34.09,27,2026-06-13,42,Storage Module
0142,Water Require,10,43,32,19.32,94,N/A,1000,Airlock
0143,Medical West,14,12,49,45.17,48,2026-12-10,32,Airlock
0144,Medical Success,8,22,31,30.27,12,2025-06-10,63,Laboratory
0145,Medical Treat,40,6,20,1.61,4,2025-11-27,46,Airlock
0146,Equipment Reduce,25,40,30,49.85,85,2025-12-10,11,Airlock
0147,Water Total,43,20,27,11.61,34,2026-05-28,72,Crew Quarters
0148,Scientific Especially,33,49,48,15.5,36,2025-07-25,29,Laboratory
0149,Tools Yard,14,24,18,4.67,33,2026-02-21,61,Storage Module
0150,Scientific Skin,19,21,7,28.76,72,2026-01-08,21,Crew Quarters
0151,Scientific Particular,47,38,8,21.72,18,2026-07-03,63,Laboratory
0152,Equipment Education,44,47,32,5.95,31,2025-11-07,87,Laboratory
0153,Water Marriage,8,28,18,27.29,39,2026-11-03,22,Medical Bay
0154,Medical Action,11,32,27,3.69,31,2026-06-14,3,Medical Bay
0155,Oxygen Financial,18,13,29,27.62,6,2026-02-01,50,Medical Bay
0156,Food Professional,10,44,23,42.7,86,2026-07-14,27,Crew Quarters
0157,Food Entire,10,14,18,3.66,14,2025-11-13,44,Airlock
0158,Food Discuss,22,44,29,13.55,45,2026-11-01,48,Laboratory
0159,Tools Back,48,27,17,48.58,91,N/A,1000,Storage Module
0160,Food Field,7,28,27,12.58,18,2026-07-23,64,Airlock
0161,Water Finally,8,7,47,1.35,91,2026-04-17,81,Airlock
0162,Scientific Site,22,46,35,43.26,50,2027-01-31,9,Airlock
0163,Water Myself,42,32,42,21.69,83,2025-10-30,74,Laboratory
0164,Tools Draw,28,39,40,11.36,99,N/A,1000,Laboratory
0165,Oxygen Small,31,44,29,34.03,21,2027-01-01,70,Airlock
0166,Equipment Most,35,31,23,2.6,77,N/A,1000,Airlock
0167,Tools Manage,16,46,22,20.32,53,2025-09-15,72,Crew Quarters
0168,Food Watch,39,46,37,21.71,26,2026-03-26,26,Crew Quarters
0169,Food Successful,26,26,29,31.65,96,2027-01-18,80,Crew Quarters
0170,Scientific Time,13,48,37,20.33,70,2027-04-01,22,Airlock
0171,Medical Suggest,9,37,26,2.78,1,N/A,1000,Storage Module
0172,Medical Few,10,36,31,2.37,47,2026-04-03,9,Crew Quarters
0173,Food Natural,20,19,7,33.31,36,2026-01-18,85,Crew Quarters
0174,Tools Information,27,5,9,22.42,74,2026-10-04,83,Crew Quarters
0175,Water Simply,21,41,17,26.51,58,2025-09-18,38,Storage Module
0176,Scientific Public,44,7,30,5.11,64,2025-06-27,24,Crew Quarters
0177,Tools Include,12,23,6,32.95,45,N/A,1000,Medical Bay
0178,Tools Interesting,23,7,45,30.25,8,2026-01-16,46,Airlock
0179,Water Land,44,40,31,12.22,11,2027-01-28,44,Storage Module
0180,Oxygen Find,24,7,11,35.66,77,2027-03-12,88,Medical Bay
0181,Tools Later,35,29,12,38.89,67,2026-02-11,13,Storage Module
0182,Oxygen She,11,30,43,23.04,94,2026-12-26,4,Medical Bay
0183,Food Upon,25,43,12,3.21,59,N/A,1000,Storage Module
0184,Tools Fact,36,43,18,16.73,13,2027-02-26,66,Storage Module
0185,Tools Entire,31,10,17,48.7,29,2026-10-20,89,Storage Module
0186,Equipment Song,22,21,17,16.45,44,2026-10-08,49,Airlock
0187,Tools Beyond,37,45,39,38.86,79,N/A,1000,Crew Quarters
0188,Medical Degree,15,19,40,28.11,46,2026-09-17,90,Crew Quarters
0189,Water Education,40,21,15,49.62,10,2026-04-27,27,Storage Module
0190,Water Fish,9,43,38,1.98,18,2025-09-29,13,Airlock
0191,Scientific Attention,15,12,5,25.65,8,2027-01-03,66,Airlock
0192,Food Raise,24,36,49,36.75,13,2027-03-02,5,Laboratory
0193,Food Hope,30,27,38,19.0,52,N/A,1000,Laboratory
0194,Equipment Sing,15,42,24,45.8,16,2025-10-22,20,Storage Module
0195,Food Discover,11,30,45,2.95,21,2026-04-11,2,Crew Quarters
0196,Water Girl,46,34,40,39.86,85,2026-10-06,58,Laboratory
0197,Food Government,6,15,28,45.08,20,N/A,1000,Laboratory
0198,Scientific Spend,14,10,48,43.77,39,N/A,1000,Airlock
0199,Equipment Letter,10,19,10,14.85,18,2026-01-01,56,Airlock
0200,Equipment Art,26,22,48,42.02,66,2025-12-10,56,Storage Module
0201,Medical Bring,35,5,48,29.1,88,2027-01-02,36,Laboratory
0202,Oxygen Church,39,6,25,33.58,35,2025-10-25,44,Crew Quarters
0203,Water Indicate,24,7,32,22.16,50,N/A,1000,Medical Bay
0204,Oxygen National,35,9,18,11.57,58,2025-07-23,31,Crew Quarters
0205,Water Father,48,31,27,16.05,8,N/A,1000,Medical Bay
0206,Tools Back,13,17,6,17.09,92,2026-11-04,14,Storage Module
0207,Medical Guy,37,16,21,41.5,33,2025-07-03,8,Crew Quarters
0208,Equipment Natural,22,19,48,22.67,62,2025-10-04,76,Medical Bay
0209,Scientific There,42,20,47,14.01,21,2025-12-27,96,Storage Module
0210,Water Live,25,14,22,1.53,14,2026-07-16,52,Laboratory
0211,Scientific Health,14,8,49,47.76,70,2025-09-07,59,Laboratory
0212,Oxygen Kind,7,14,47,11.26,69,2026-11-29,55,Laboratory
0213,Equipment Kitchen,16,48,27,3.09,39,2025-11-01,96,Laboratory
0214,Water Economy,36,28,36,18.06,63,2025-07-07,56,Medical Bay
0215,Oxygen Cup,48,41,48,38.24,62,2026-12-23,46,Laboratory
0216,Food Short,15,47,41,21.4,93,2025-10-25,50,Crew Quarters
0217,Scientific Bring,23,47,16,11.2,93,N/A,1000,Crew Quarters
0218,Oxygen Prepare,31,15,41,11.31,15,2027-02-01,59,Storage Module
0219,Food Natural,19,11,48,22.51,13,2026-12-29,42,Airlock
0220,Water It,29,43,34,14.82,51,N/A,1000,Storage Module
0221,Medical Lot,45,40,19,43.9,87,2025-06-02,65,Crew Quarters
0222,Oxygen Without,46,39,8,12.92,46,N/A,1000,Medical Bay
0223,Oxygen Boy,13,12,43,23.74,86,2026-04-25,74,Storage Module
0224,Oxygen Several,34,10,23,27.81,8,2025-10-25,69,Airlock
0225,Equipment Every,7,47,33,22.96,69,2027-01-15,2,Storage Module
0226,Scientific Keep,31,44,25,18.68,88,2025-05-04,77,Crew Quarters
0227,Water State,37,38,5,13.25,17,2026-05-05,52,Medical Bay
0228,Food Successful,11,25,39,25.56,24,2026-08-22,23,Storage Module
0229,Water Size,18,15,45,23.94,4,2027-01-17,47,Airlock
0230,Scientific Floor,11,25,39,41.79,37,2026-09-09,61,Storage Module
0231,Medical Hotel,48,46,31,44.43,52,2026-12-19,54,Airlock
0232,Tools Best,21,49,45,13.09,74,N/A,1000,Crew Quarters
0233,Tools Call,49,35,46,11.96,62,2026-01-15,59,Crew Quarters
0234,Tools Sing,18,8,23,14.14,68,2027-01-26,95,Crew Quarters
0235,Food Production,31,6,18,14.66,66,2027-01-04,38,Airlock
0236,Medical Road,39,14,44,24.92,6,2026-06-11,27,Medical Bay
0237,Water List,33,24,49,16.19,16,2026-02-12,59,Airlock
0238,Water Garden,37,38,8,26.71,27,2025-12-25,77,Crew Quarters
0239,Medical Marriage,46,35,19,48.56,77,2025-09-07,30,Laboratory
0240,Equipment Foreign,26,34,13,6.26,49,2026-02-15,42,Storage Module
0241,Food Want,47,18,30,38.63,48,2025-10-16,61,Airlock
0242,Medical Lay,30,10,16,33.51,90,2027-02-16,85,Airlock
0243,Equipment Store,46,19,43,9.47,92,2025-09-04,58,Crew Quarters
0244,Water Team,30,18,7,40.35,78,2026-01-03,7,Laboratory
0245,Scientific Fact,9,6,7,48.08,33,2025-09-18,28,Crew Quarters
0246,Oxygen Guy,33,21,49,12.26,42,N/A,1000,Medical Bay
0247,Medical Ball,47,45,26,27.19,90,2025-10-31,91,Storage Module
0248,Tools Foreign,40,18,49,29.45,32,N/A,1000,Airlock
0249,Food Include,36,29,11,7.72,21,N/A,1000,Storage Module
0250,Water Democrat,23,41,30,39.38,48,2025-09-03,97,Medical Bay
0251,Oxygen Crime,47,42,33,14.1,23,2026-04-07,62,Airlock
0252,Scientific Protect,31,15,11,14.62,27,2025-10-07,3,Crew Quarters
0253,Oxygen Value,48,36,47,37.96,83,2026-07-06,19,Crew Quarters
0254,Oxygen Should,44,24,35,40.56,75,2026-04-04,98,Airlock
0255,Water Stand,32,49,43,32.1,1,2027-01-24,91,Crew Quarters
0256,Water Debate,5,8,24,31.17,95,N/A,1000,Storage Module
0257,Tools Time,42,46,10,13.64,8,2027-02-02,56,Medical Bay
0258,Equipment Contain,39,41,26,47.79,80,2027-03-04,73,Storage Module
0259,Food Star,43,12,24,32.29,87,2027-03-22,77,Crew Quarters
0260,Scientific Race,37,32,25,31.43,35,2025-05-15,77,Medical Bay
0261,Equipment City,31,24,17,23.53,76,2025-10-09,17,Crew Quarters
0262,Scientific Water,28,32,22,12.02,51,2026-05-28,47,Laboratory
0263,Equipment Source,49,41,43,10.89,74,2025-11-21,27,Storage Module
0264,Equipment Sing,19,15,41,24.86,15,2027-02-14,35,Medical Bay
0265,Equipment Sea,19,26,43,5.54,27,2025-05-29,97,Airlock
0266,Food Seek,32,8,9,20.81,1,2025-09-03,18,Airlock
0267,Tools Yourself,21,19,42,25.02,38,2025-05-17,28,Airlock
0268,Equipment Girl,12,21,5,29.86,42,2027-03-18,94,Airlock
0269,Oxygen Buy,28,41,36,16.57,97,2026-04-15,43,Medical Bay
0270,Scientific Fire,31,13,18,45.56,56,2027-04-01,84,Airlock
0271,Equipment Give,37,33,14,33.12,44,N/A,1000,Storage Module
0272,Medical Political,29,38,39,19.85,33,2026-07-28,54,Laboratory
0273,Medical Example,22,28,12,10.5,2,2026-04-21,63,Storage Module
0274,Scientific Whom,30,42,5,4.47,45,N/A,1000,Storage Module
0275,Scientific Though,12,40,18,18.11,38,N/A,1000,Medical Bay
0276,Food Whether,47,17,45,24.04,23,N/A,1000,Medical Bay
0277,Scientific Talk,27,44,32,15.77,84,2026-02-18,84,Storage Module
0278,Oxygen Eye,41,29,14,30.47,29,N/A,1000,Crew Quarters
0279,Water Loss,29,22,22,2.51,23,N/A,1000,Medical Bay
0280,Food Alone,36,45,34,11.71,93,N/A,1000,Crew Quarters
0281,Water Production,11,47,22,27.46,82,2026-04-28,2,Laboratory
0282,Equipment Involve,38,17,46,7.79,29,N/A,1000,Airlock
0283,Water Glass,8,31,43,15.38,75,N/A,1000,Airlock
0284,Medical Stuff,32,14,8,21.76,64,2025-07-08,78,Airlock
0285,Food None,38,23,15,18.94,4,N/A,1000,Airlock
0286,Water Draw,25,28,29,18.16,89,N/A,1000,Storage Module
0287,Equipment Visit,26,44,5,29.3,28,2025-09-21,29,Storage Module
0288,Equipment Health,36,18,32,35.43,28,N/A,1000,Medical Bay
0289,Food Four,11,14,12,29.52,83,2025-09-10,71,Storage Module
0290,Food Business,21,27,11,26.09,60,2026-02-24,55,Medical Bay
0291,Scientific Song,14,32,32,19.13,31,2026-11-23,27,Storage Module
0292,Equipment House,29,20,22,33.52,54,2025-10-17,27,Airlock
0293,Equipment Mother,5,23,16,47.18,42,N/A,1000,Airlock
0294,Water Process,28,47,12,41.75,9,2025-12-18,82,Airlock
0295,Medical Second,34,30,24,21.76,25,N/A,1000,Airlock
0296,Equipment Loss,42,25,48,3.06,99,2026-05-18,71,Airlock
0297,Water Day,40,10,10,33.18,10,2025-05-29,83,Crew Quarters
0298,Scientific Top,24,45,17,38.66,73,2025-08-07,52,Medical Bay
0299,Oxygen Drop,32,34,23,3.04,16,2026-06-19,68,Crew Quarters
0300,Tools Already,15,32,15,41.96,17,2025-05-16,15,Laboratory
0301,Oxygen Ability,13,15,28,11.21,5,N/A,1000,Airlock
0302,Scientific Let,15,30,30,1.31,41,2025-09-13,65,Medical Bay
0303,Equipment He,11,48,6,39.07,58,2026-01-07,56,Crew Quarters
0304,Equipment Easy,34,14,35,24.8,92,2027-01-30,15,Crew Quarters
0305,Equipment Return,27,11,18,18.77,18,N/A,1000,Laboratory
0306,Food Federal,41,33,34,44.4,13,2026-09-07,83,Crew Quarters
0307,Equipment Assume,42,10,36,2.07,47,2026-05-21,27,Medical Bay
0308,Medical East,43,31,24,15.65,15,2026-05-28,78,Crew Quarters
0309,Water Environmental,34,22,18,25.54,51,N/A,1000,Storage Module
0310,Medical Admit,8,8,13,40.53,35,N/A,1000,Medical Bay
0311,Food Office,43,20,36,31.25,70,2027-01-01,98,Crew Quarters
0312,Scientific Money,12,46,29,8.41,76,N/A,1000,Crew Quarters
0313,Water Style,18,36,13,38.26,95,2026-01-21,74,Airlock
0314,Equipment Worker,35,16,29,19.34,84,N/A,1000,Airlock
0315,Equipment News,26,38,45,19.06,28,2025-06-06,45,Storage Module
0316,Tools Create,25,9,35,31.33,100,2026-03-28,38,Crew Quarters
0317,Tools My,42,44,20,24.27,63,2025-06-30,46,Airlock
0318,Equipment Military,24,47,45,17.05,49,2026-02-02,32,Medical Bay
0319,Tools Agent,30,46,38,41.55,76,N/A,1000,Laboratory
0320,Medical Meet,17,20,11,32.91,98,2026-05-29,76,Crew Quarters
0321,Food Simply,34,22,6,32.74,92,2027-01-26,12,Storage Module
0322,Equipment Total,21,16,41,42.57,95,2025-10-03,13,Crew Quarters
0323,Scientific Name,25,24,38,37.65,74,2025-08-29,20,Crew Quarters
0324,Equipment Born,28,35,31,17.7,97,2025-11-29,46,Storage Module
0325,Water Full,15,18,40,43.32,84,2026-09-30,27,Laboratory
0326,Water Themselves,49,24,48,43.36,55,N/A,1000,Medical Bay
0327,Medical Article,39,34,35,16.06,10,2026-12-06,71,Storage Module
0328,Oxygen Increase,17,48,36,6.82,19,N/A,1000,Storage Module
0329,Equipment Perform,46,23,46,43.34,100,N/A,1000,Airlock
0330,Tools Service,26,41,15,5.05,51,2026-09-12,5,Airlock
0331,Scientific Can,29,27,15,48.0,30,2025-05-10,96,Airlock
0332,Tools Produce,41,40,49,1.44,97,2026-12-28,39,Storage Module
0333,Medical South,28,22,10,14.98,2,2025-11-23,30,Laboratory
0334,Food Series,13,35,34,15.22,15,2026-02-18,83,Crew Quarters
0335,Water Production,30,22,37,34.28,25,N/A,1000,Medical Bay
0336,Food Decision,6,26,18,19.17,78,2026-05-04,93,Laboratory
0337,Food Piece,15,39,44,28.64,28,2026-07-10,22,Storage Module
0338,Water Later,48,25,47,35.77,95,2026-09-17,50,Airlock
0339,Tools Tell,30,9,8,4.86,59,2027-02-17,49,Medical Bay
0340,Oxygen Discuss,5,39,41,48.25,41,2026-03-02,48,Airlock
0341,Equipment Foot,25,39,22,16.57,100,2026-07-27,99,Laboratory
0342,Oxygen Speak,30,21,46,4.68,29,2026-07-03,35,Crew Quarters
0343,Medical Perform,44,43,37,12.51,68,2026-01-05,84,Storage Module
0344,Food Would,29,48,46,45.5,79,N/A,1000,Airlock
0345,Oxygen Necessary,20,41,31,38.14,38,2025-10-05,43,Laboratory
0346,Food Person,42,23,29,42.66,15,2026-01-24,96,Laboratory
0347,Scientific Sea,12,15,7,16.95,70,N/A,1000,Medical Bay
0348,Equipment Present,42,43,24,47.85,30,2025-10-23,82,Crew Quarters
0349,Tools Learn,12,41,43,19.4,46,2026-08-11,93,Crew Quarters
0350,Water Nor,15,19,7,27.11,24,2027-02-04,34,Medical Bay
0351,Water I,35,22,43,19.99,18,N/A,1000,Medical Bay
0352,Medical Teacher,12,12,21,34.22,32,N/A,1000,Storage Module
0353,Food Analysis,41,12,41,14.75,96,2026-12-07,65,Storage Module
0354,Scientific Air,10,46,24,35.16,97,2027-03-23,23,Laboratory
0355,Water Newspaper,47,34,28,4.17,10,N/A,1000,Storage Module
0356,Scientific Worker,34,36,23,40.05,11,N/A,1000,Medical Bay
0357,Food Miss,29,15,23,40.76,49,2026-12-02,26,Crew Quarters
0358,Medical Lead,11,39,31,47.03,13,N/A,1000,Laboratory
0359,Oxygen Seem,41,32,37,44.11,30,2026-07-03,96,Storage Module
0360,Tools Middle,39,41,41,49.94,43,2026-02-14,75,Airlock
0361,Food Watch,37,23,11,35.46,62,2025-10-15,90,Airlock
0362,Water Sign,12,6,34,30.73,86,N/A,1000,Crew Quarters
0363,Scientific Grow,19,22,18,22.08,70,2027-03-17,1,Crew Quarters
0364,Oxygen Should,37,19,19,36.91,41,2026-04-19,15,Airlock
0365,Scientific Admit,11,40,46,28.8,31,2026-01-06,64,Laboratory
0366,Water Sport,40,46,23,47.33,32,2025-11-04,42,Airlock
0367,Oxygen Draw,29,13,5,5.73,32,2026-02-04,8,Medical Bay
0368,Scientific System,35,35,23,41.2,56,2026-12-08,71,Laboratory
0369,Equipment Huge,15,33,18,26.29,34,2025-12-16,72,Airlock
0370,Scientific Speak,19,25,9,41.16,83,2026-10-28,3,Storage Module
0371,Equipment Up,33,20,21,45.33,76,2025-12-12,24,Medical Bay
0372,Medical Forward,12,28,7,25.85,2,2026-07-11,26,Airlock
0373,Medical Size,18,20,30,6.61,22,2025-11-05,92,Crew Quarters
0374,Water Leader,44,11,35,40.48,94,2026-12-14,97,Medical Bay
0375,Food Itself,39,35,13,37.08,64,2026-07-01,91,Storage Module
0376,Tools Seem,6,13,31,33.13,34,N/A,1000,Crew Quarters
0377,Equipment Guy,27,34,19,31.75,99,2027-02-17,44,Laboratory
0378,Scientific Unit,49,11,43,21.22,43,2025-09-02,45,Crew Quarters
0379,Oxygen Area,39,31,44,22.7,64,2026-05-11,74,Laboratory
0380,Tools Determine,22,42,10,8.72,6,2025-10-05,66,Laboratory
0381,Food Hard,34,41,42,27.52,86,2026-03-03,37,Storage Module
0382,Medical Fall,12,14,47,5.84,89,N/A,1000,Laboratory
0383,Oxygen Wide,22,16,5,37.73,33,2027-01-07,43,Crew Quarters
0384,Scientific People,15,27,19,31.16,88,2025-07-18,6,Airlock
0385,Equipment Fire,42,10,21,13.33,93,N/A,1000,Crew Quarters
0386,Tools Throw,26,41,12,20.53,73,2025-12-09,60,Airlock
0387,Water Stay,9,14,42,27.42,7,N/A,1000,Medical Bay
0388,Equipment Treat,44,37,48,28.04,74,2025-08-30,31,Laboratory
0389,Food Central,44,7,31,3.79,15,2027-02-01,1,Crew Quarters
0390,Food Street,16,6,5,12.05,49,2025-08-10,10,Storage Module
0391,Oxygen Thing,47,18,19,30.9,61,2026-11-28,86,Crew Quarters
0392,Equipment Charge,6,41,42,4.35,80,2025-08-16,99,Medical Bay
0393,Scientific Kid,11,8,47,12.51,58,2026-10-05,48,Laboratory
0394,Tools Seem,35,10,18,30.98,82,2025-08-17,86,Airlock
0395,Equipment Support,29,20,40,27.13,66,2026-12-15,13,Medical Bay
0396,Water Hair,25,17,45,7.56,86,2026-03-16,67,Laboratory
0397,Tools Reduce,13,28,47,16.9,67,2027-03-29,1,Storage Module
0398,Food Fill,25,45,30,40.19,49,2025-08-24,62,Medical Bay
0399,Scientific Far,24,37,8,5.18,42,2025-07-03,30,Medical Bay
0400,Food No,40,25,30,28.27,86,2025-12-08,33,Airlock
0401,Equipment Player,7,49,37,48.81,68,2025-11-05,9,Airlock
0402,Water Arm,14,40,26,26.61,91,2026-02-20,1,Storage Module
0403,Tools Father,35,21,8,45.32,49,2026-03-15,92,Storage Module
0404,Food Level,6,44,6,32.41,4,2026-09-17,77,Storage Module
0405,Food Imagine,40,12,47,25.56,29,2026-01-04,88,Storage Module
0406,Tools Could,33,28,16,13.69,18,2027-03-07,19,Crew Quarters
0407,Scientific Add,47,6,42,30.3,33,2026-02-26,92,Crew Quarters
0408,Water Truth,43,47,13,37.67,74,N/A,1000,Storage Module
0409,Scientific Where,24,11,17,27.3,10,2026-10-29,2,Laboratory
0410,Water Hand,47,12,21,45.28,67,2025-12-31,50,Storage Module
0411,Equipment Center,41,48,42,21.96,75,2026-07-25,54,Airlock
0412,Scientific Best,11,36,30,36.72,33,N/A,1000,Crew Quarters
0413,Food Boy,26,36,35,1.08,76,2027-02-10,47,Airlock
0414,Oxygen Term,22,9,12,9.61,40,N/A,1000,Airlock
0415,Tools Child,37,46,33,4.89,55,2026-06-28,64,Airlock
0416,Medical Ten,22,11,18,13.21,61,2026-09-23,38,Airlock
0417,Water Guy,26,9,26,31.57,36,2026-02-02,33,Storage Module
0418,Equipment Rest,23,19,43,23.11,75,N/A,1000,Storage Module
0419,Oxygen Simply,31,5,13,39.81,55,2027-01-22,14,Airlock
0420,Tools Treat,21,18,27,21.07,71,2025-11-03,37,Airlock
0421,Equipment Position,23,9,42,35.36,49,2026-06-14,36,Crew Quarters
0422,Tools Use,30,45,40,43.9,2,2027-03-05,99,Crew Quarters
0423,Equipment Treatment,20,45,7,35.53,63,N/A,1000,Airlock
0424,Tools Trade,16,23,41,14.9,86,N/A,1000,Laboratory
0425,Scientific Sign,19,43,17,47.91,85,2025-06-16,83,Storage Module
0426,Medical System,17,14,30,7.57,9,2026-06-08,21,Medical Bay
0427,Tools Simply,13,33,44,2.39,78,N/A,1000,Medical Bay
0428,Equipment Friend,9,45,33,2.59,23,2026-11-23,80,Laboratory
0429,Scientific Police,15,49,6,17.47,84,2025-08-22,74,Laboratory
0430,Tools Couple,42,47,22,39.33,84,2026-11-29,29,Laboratory
0431,Equipment Talk,16,34,8,10.54,89,2026-08-28,98,Airlock
0432,Oxygen Sister,10,40,37,17.57,24,2025-09-29,2,Crew Quarters
0433,Oxygen Natural,41,31,27,9.47,47,2026-06-20,56,Airlock
0434,Equipment Well,41,14,35,26.83,7,2025-08-25,43,Medical Bay
0435,Water Real,21,44,26,32.28,97,2027-03-14,10,Medical Bay
0436,Oxygen Mouth,43,36,29,20.63,75,2026-10-29,11,Crew Quarters
0437,Medical Until,36,39,42,28.14,76,2026-11-27,87,Storage Module
0438,Oxygen Couple,39,33,38,12.66,49,2026-12-17,20,Crew Quarters
0439,Food Anyone,16,22,20,9.17,61,2026-10-25,93,Laboratory
0440,Equipment Door,13,23,8,31.81,90,2026-06-16,86,Storage Module
0441,Equipment American,36,12,35,14.53,8,2026-03-05,21,Storage Module
0442,Food Four,5,29,41,26.39,93,N/A,1000,Laboratory
0443,Food Watch,49,9,48,27.67,81,2026-06-05,24,Storage Module
0444,Scientific Sense,25,47,38,18.5,33,2027-03-31,55,Laboratory
0445,Tools There,9,26,40,27.49,72,2026-11-26,84,Medical Bay
0446,Food Rate,39,27,21,44.65,25,2026-08-24,37,Crew Quarters
0447,Oxygen More,48,33,39,28.4,69,2026-07-02,7,Medical Bay
0448,Oxygen Off,35,24,29,34.9,42,2026-05-01,24,Airlock
0449,Food Against,8,22,13,23.1,19,N/A,1000,Airlock
0450,Oxygen Body,38,29,48,30.71,79,2025-09-07,37,Crew Quarters
0451,Water Less,7,39,47,46.84,83,2025-09-16,89,Storage Module
0452,Water Record,21,44,22,3.05,69,2026-06-03,59,Storage Module
0453,Tools Memory,34,13,17,21.52,20,2026-09-03,90,Medical Bay
0454,Scientific Send,12,32,26,7.78,94,2027-02-04,40,Airlock
0455,Water Able,48,37,44,49.19,84,2026-11-02,96,Storage Module
0456,Food There,19,21,21,32.93,52,2026-11-18,69,Storage Module
0457,Medical Test,17,7,20,18.5,24,2026-01-19,17,Medical Bay
0458,Oxygen Language,24,8,9,29.16,63,N/A,1000,Airlock
0459,Water School,18,9,46,5.38,4,N/A,1000,Medical Bay
0460,Water Stand,15,38,12,8.17,38,2025-07-19,70,Airlock
0461,Scientific Along,38,7,14,48.95,9,2026-11-12,82,Laboratory
0462,Water High,28,30,7,22.95,5,2025-08-16,54,Crew Quarters
0463,Scientific Us,28,22,22,35.12,64,2025-05-26,31,Airlock
0464,Medical Arm,11,13,35,2.46,65,2027-03-09,33,Crew Quarters
0465,Food Than,5,14,37,45.17,12,2026-11-10,1,Crew Quarters
0466,Scientific Before,48,8,6,43.19,29,N/A,1000,Medical Bay
0467,Scientific Fund,15,27,14,5.61,8,2025-12-09,99,Medical Bay
0468,Tools Shake,18,36,40,46.08,86,2025-12-19,91,Airlock
0469,Water Every,18,24,14,8.56,12,N/A,1000,Laboratory
0470,Equipment Believe,49,29,48,13.46,17,2026-03-12,32,Crew Quarters
0471,Tools Doctor,33,39,6,39.01,56,2025-10-15,88,Storage Module
0472,Medical Parent,49,18,43,31.99,21,N/A,1000,Airlock
0473,Water General,23,8,43,49.49,17,N/A,1000,Laboratory
0474,Food Never,26,12,40,41.75,47,2026-01-19,98,Crew Quarters
0475,Food Stop,36,26,18,4.02,9,2026-10-17,30,Medical Bay
0476,Scientific Place,11,31,45,7.87,56,2027-01-26,68,Airlock
0477,Water Leave,48,27,21,14.17,8,2025-05-17,67,Storage Module
0478,Medical More,25,6,15,22.03,13,2026-08-09,68,Airlock
0479,Scientific Process,47,29,37,18.4,21,2026-10-17,14,Airlock
0480,Medical Likely,31,18,39,40.46,82,2027-03-19,30,Laboratory
0481,Equipment National,34,12,47,25.52,59,N/A,1000,Medical Bay
0482,Equipment Trouble,21,40,8,27.28,9,2026-04-21,56,Airlock
0483,Tools To,46,31,26,17.73,72,2026-10-26,42,Storage Module
0484,Water Indicate,23,21,40,28.89,19,2026-11-16,60,Storage Module
0485,Equipment Party,10,37,13,1.67,72,2027-02-27,22,Crew Quarters
0486,Equipment Class,46,22,33,24.28,80,2026-09-04,24,Airlock
0487,Water Financial,16,29,46,27.03,46,2025-06-12,52,Storage Module
0488,Scientific Ok,30,34,24,15.77,19,2026-01-14,82,Airlock
0489,Tools Pm,29,12,30,15.69,20,2026-04-09,89,Crew Quarters
0490,Equipment Realize,31,10,41,19.79,78,2026-10-04,71,Medical Bay
0491,Tools Laugh,25,36,39,39.25,14,2026-08-03,97,Medical Bay
0492,Equipment Simply,46,7,8,26.62,9,N/A,1000,Laboratory
0493,Food Thought,14,22,13,21.32,81,2025-09-28,30,Airlock
0494,Tools Ready,35,32,28,41.99,58,2026-04-19,13,Medical Bay
0495,Food Main,8,46,21,14.96,37,2025-05-04,42,Airlock
0496,Oxygen Live,21,35,39,23.66,57,N/A,1000,Medical Bay
0497,Medical Set,18,19,11,13.97,19,2026-10-03,58,Airlock
0498,Scientific Describe,49,28,17,3.41,3,2025-09-21,58,Medical Bay
0499,Equipment Hour,34,48,47,43.23,34,2026-12-08,46,Airlock
0500,Oxygen Thing,11,13,32,35.85,2,2026-01-27,45,Medical Bay
0501,Equipment Hard,18,34,24,49.56,43,2025-06-11,31,Laboratory
0502,Tools Scene,18,35,27,45.03,41,2025-06-23,76,Airlock
0503,Water Few,8,36,43,41.59,92,2025-07-17,71,Airlock
0504,Tools Top,35,30,22,2.85,76,2026-10-21,17,Airlock
0505,Medical Full,17,41,18,47.6,22,N/A,1000,Laboratory
0506,Medical Chance,33,42,16,37.68,11,2026-12-27,1,Crew Quarters
0507,Water Up,28,26,42,41.06,12,2025-05-03,49,Laboratory
0508,Medical Actually,23,36,25,5.76,5,2026-06-15,8,Storage Module
0509,Equipment Security,47,27,34,43.51,4,2025-11-23,43,Storage Module
0510,Tools Bag,43,26,44,37.54,74,2025-11-04,2,Airlock
0511,Medical Test,25,39,9,23.73,52,2026-05-25,82,Crew Quarters
0512,Food Over,31,26,15,44.05,55,2025-10-03,11,Crew Quarters
0513,Oxygen Watch,45,26,38,36.18,21,N/A,1000,Crew Quarters
0514,Tools Cultural,13,5,13,11.93,6,2025-07-22,42,Storage Module
0515,Equipment Turn,29,11,34,15.09,46,2026-12-15,35,Laboratory
0516,Tools Since,27,22,45,42.1,33,2026-07-27,12,Medical Bay
0517,Medical Explain,16,31,16,46.0,34,2025-08-03,24,Crew Quarters
0518,Oxygen Management,49,45,40,41.96,34,2025-10-03,11,Medical Bay
0519,Food Program,33,25,42,43.83,6,2025-08-05,86,Medical Bay
0520,Tools Science,33,32,5,3.9,78,2026-01-07,71,Medical Bay
0521,Tools Artist,11,14,35,35.65,49,2026-04-06,2,Storage Module
0522,Water Pick,47,36,23,1.6,5,2026-07-01,22,Laboratory
0523,Food Nation,23,40,25,7.63,40,N/A,1000,Airlock
0524,Water Available,38,32,41,49.65,18,2026-01-09,22,Laboratory
0525,Food Agency,44,48,31,9.75,22,2026-07-17,5,Laboratory
0526,Tools Peace,39,36,18,47.32,19,2026-01-25,28,Medical Bay
0527,Tools Message,40,21,33,26.18,42,2025-09-30,38,Crew Quarters
0528,Tools Wear,40,9,29,19.85,83,2026-12-08,30,Laboratory
0529,Equipment High,27,46,26,13.85,27,2025-07-17,91,Laboratory
0530,Equipment Parent,8,41,28,32.45,19,2025-07-30,98,Storage Module
0531,Food Painting,17,11,24,24.5,90,N/A,1000,Airlock
0532,Tools Itself,48,9,19,22.74,54,2026-08-09,90,Crew Quarters
0533,Water Behind,44,13,10,46.98,63,2025-10-04,26,Crew Quarters
0534,Equipment Edge,23,5,33,1.19,16,2026-02-13,53,Laboratory
0535,Water Their,48,23,28,31.29,14,2025-05-06,56,Medical Bay
0536,Medical Forget,28,34,37,35.59,9,2025-06-24,68,Storage Module
0537,Food Job,7,19,8,43.85,45,2026-06-20,46,Storage Module
0538,Scientific Sense,42,33,15,24.92,94,2025-10-30,23,Laboratory
0539,Medical Over,21,36,20,29.77,79,2025-07-07,16,Laboratory
0540,Water Bring,31,31,15,5.05,88,N/A,1000,Storage Module
0541,Medical Agency,26,40,8,6.81,56,2026-08-21,40,Crew Quarters
0542,Medical Sister,29,32,8,34.99,96,2027-03-17,38,Laboratory
0543,Medical Least,16,46,15,13.45,26,2025-07-20,56,Crew Quarters
0544,Tools Care,29,7,12,14.84,62,N/A,1000,Medical Bay
0545,Scientific Man,7,28,5,43.8,55,2026-01-05,93,Medical Bay
0546,Equipment Full,14,38,28,28.97,78,2026-02-14,36,Airlock
0547,Tools Well,37,34,7,43.84,23,2025-08-30,30,Crew Quarters
0548,Food Win,27,19,7,47.5,44,2025-12-03,32,Laboratory
0549,Food Share,28,43,37,21.59,29,2027-02-19,65,Crew Quarters
0550,Medical Population,15,31,46,12.54,70,2026-09-11,32,Laboratory
0551,Equipment Family,10,7,48,16.81,55,2027-03-05,39,Medical Bay
0552,Medical Fish,13,41,12,3.9,94,2026-02-27,46,Airlock
0553,Tools Through,22,13,38,41.22,75,2026-04-22,64,Airlock
0554,Water Race,34,42,47,26.86,25,2025-10-19,93,Crew Quarters
0555,Equipment Despite,42,35,40,40.83,43,2027-01-19,89,Airlock
0556,Equipment College,40,30,6,27.56,64,2027-01-09,83,Airlock
0557,Equipment Some,34,25,30,49.84,83,2026-09-02,19,Crew Quarters
0558,Medical Treatment,19,25,24,48.98,79,2026-04-18,21,Airlock
0559,Oxygen Fish,41,39,21,44.52,94,2027-03-19,56,Medical Bay
0560,Medical Argue,35,22,22,32.57,90,2026-03-27,99,Storage Module
0561,Medical Suggest,33,28,30,44.0,62,2026-02-15,24,Medical Bay
0562,Food Seem,18,6,27,18.39,83,2025-06-27,75,Crew Quarters
0563,Tools Have,6,45,26,26.83,51,N/A,1000,Medical Bay
0564,Oxygen Stop,37,44,14,33.91,46,2027-01-17,19,Storage Module
0565,Medical Data,7,18,28,40.9,79,2025-05-17,86,Laboratory
0566,Scientific Option,38,12,40,13.66,61,N/A,1000,Laboratory
0567,Oxygen History,27,5,23,33.18,91,2026-01-05,71,Airlock
0568,Oxygen Continue,31,26,21,26.05,76,2027-02-06,4,Laboratory
0569,Oxygen Difference,36,33,40,3.0,76,2027-01-09,77,Crew Quarters
0570,Equipment Bit,7,18,42,2.67,51,2026-08-24,90,Medical Bay
0571,Medical Environment,30,8,46,38.06,97,2025-08-22,59,Medical Bay
0572,Water Run,10,38,8,6.0,66,N/A,1000,Storage Module
0573,Tools On,28,23,47,31.22,4,N/A,1000,Laboratory
0574,Medical Baby,38,24,9,35.54,56,2025-09-04,59,Storage Module
0575,Tools Our,47,7,24,8.65,1,2026-05-16,60,Laboratory
0576,Water Behind,43,40,12,35.58,80,2025-06-20,46,Medical Bay
0577,Equipment Thus,20,44,20,24.15,92,N/A,1000,Storage Module
0578,Tools Opportunity,13,40,33,15.17,38,2025-09-21,99,Airlock
0579,Water Impact,26,30,33,6.44,68,2027-01-29,39,Laboratory
0580,Equipment Money,39,22,15,46.63,3,2025-08-21,63,Crew Quarters
0581,Scientific Right,22,13,24,9.2,89,2027-01-01,36,Laboratory
0582,Equipment Each,40,36,43,8.96,14,N/A,1000,Laboratory
0583,Tools Heart,18,12,37,36.97,5,2025-11-16,45,Laboratory
0584,Food Dinner,9,42,20,16.54,49,2026-08-13,81,Crew Quarters
0585,Water Smile,9,14,31,32.28,98,2025-09-18,68,Storage Module
0586,Tools Near,26,41,18,47.03,97,N/A,1000,Laboratory
0587,Food Can,11,24,15,44.51,53,N/A,1000,Medical Bay
0588,Food Participant,31,28,6,23.92,15,2026-12-13,15,Crew Quarters
0589,Scientific Hope,45,38,37,37.01,69,2026-06-18,78,Airlock
0590,Equipment Lay,31,44,25,4.13,41,2027-03-10,98,Laboratory
0591,Medical Score,19,15,33,5.25,75,2026-06-22,35,Crew Quarters
0592,Equipment Thus,35,33,47,39.17,38,2026-04-27,31,Crew Quarters
0593,Tools Election,5,18,42,39.6,44,2025-12-03,23,Crew Quarters
0594,Medical Necessary,30,14,44,31.4,13,2026-06-15,75,Storage Module
0595,Water Discussion,9,36,6,40.66,17,2025-06-16,52,Airlock
0596,Scientific Grow,17,8,21,35.28,45,2025-11-20,46,Storage Module
0597,Tools Affect,12,41,15,40.73,84,2025-11-30,78,Medical Bay
0598,Oxygen Check,10,40,18,35.61,79,2025-10-06,28,Laboratory
0599,Oxygen Figure,6,45,20,1.1,4,2026-07-13,15,Storage Module
0600,Scientific Political,31,9,17,21.55,62,2026-01-05,31,Medical Bay
0601,Oxygen Rest,6,9,32,32.58,24,2026-11-21,13,Storage Module
0602,Food Cover,41,6,46,2.7,38,2027-02-13,95,Crew Quarters
0603,Equipment Myself,28,41,8,45.46,56,2026-12-17,3,Airlock
0604,Scientific Administration,45,38,27,2.93,25,2026-10-12,38,Medical Bay
0605,Medical Need,34,14,15,19.5,34,2026-07-08,7,Storage Module
0606,Scientific Green,21,40,11,5.91,91,2027-03-23,21,Crew Quarters
0607,Water Beat,22,33,8,15.43,71,N/A,1000,Airlock
0608,Medical Opportunity,11,5,34,47.47,4,N/A,1000,Laboratory
0609,Water Never,45,17,29,28.46,64,2026-11-06,23,Airlock
0610,Scientific Sea,43,7,7,11.02,86,2025-11-05,80,Laboratory
0611,Oxygen Detail,5,29,19,34.35,22,2025-05-28,48,Laboratory
0612,Medical National,14,14,18,18.4,43,2026-06-23,37,Crew Quarters
0613,Food Everything,46,22,48,3.0,33,2025-12-31,48,Airlock
0614,Oxygen Family,14,26,33,9.97,39,2026-08-25,51,Laboratory
0615,Medical Lose,30,12,44,37.44,19,2027-02-13,79,Medical Bay
0616,Equipment Push,8,11,36,47.3,18,2026-01-28,76,Medical Bay
0617,Medical Section,6,42,23,48.98,73,2026-03-05,83,Medical Bay
0618,Tools Choice,47,18,6,49.46,43,2026-10-08,82,Crew Quarters
0619,Tools Of,27,12,9,35.78,10,2025-06-25,36,Crew Quarters
0620,Tools Area,36,21,43,8.72,61,2025-12-02,29,Airlock
0621,Water Despite,24,21,11,45.17,80,2025-06-20,35,Storage Module
0622,Oxygen Reach,37,19,35,29.08,66,2025-11-26,7,Medical Bay
0623,Equipment Easy,19,33,31,11.48,83,2026-10-24,51,Storage Module
0624,Water Nice,22,29,7,13.5,97,2025-09-28,63,Storage Module
0625,Scientific Way,28,28,40,24.43,85,N/A,1000,Laboratory
0626,Oxygen Include,19,43,21,36.98,98,N/A,1000,Airlock
0627,Water National,14,40,5,48.63,88,N/A,1000,Laboratory
0628,Food Deep,6,38,9,18.21,69,N/A,1000,Storage Module
0629,Tools Dream,25,42,41,13.05,73,2027-03-12,85,Laboratory
0630,Tools Party,23,18,19,27.43,79,2026-01-30,29,Airlock
0631,Equipment Start,35,6,18,6.34,44,2025-08-15,21,Crew Quarters
0632,Oxygen Vote,33,17,26,10.19,49,2025-10-17,21,Storage Module
0633,Tools Happen,23,21,13,4.17,63,2026-05-02,92,Crew Quarters
0634,Food Light,15,44,45,21.53,4,2026-05-15,61,Crew Quarters
0635,Medical Easy,32,32,18,47.93,67,2026-02-03,77,Airlock
0636,Equipment Moment,6,22,48,9.32,13,2026-02-19,9,Crew Quarters
0637,Oxygen Other,6,13,8,30.67,36,2027-03-08,33,Crew Quarters
0638,Equipment Three,5,17,29,47.11,42,2026-12-08,40,Laboratory
0639,Equipment Land,23,32,6,47.52,26,2027-02-18,61,Airlock
0640,Oxygen Question,24,35,34,6.41,82,2025-10-05,95,Storage Module
0641,Scientific See,14,15,43,30.7,10,2026-08-01,76,Medical Bay
0642,Equipment Section,49,22,6,9.46,77,2026-07-09,60,Storage Module
0643,Medical Mr,37,17,41,42.72,71,N/A,1000,Medical Bay
0644,Tools Individual,6,39,36,30.49,57,2026-05-06,68,Laboratory
0645,Food Reason,11,45,44,19.82,78,2026-03-15,88,Crew Quarters
0646,Medical Last,36,22,19,44.1,4,N/A,1000,Laboratory
0647,Tools Take,15,21,47,21.6,93,N/A,1000,Airlock
0648,Medical Their,40,31,25,33.13,87,2026-11-20,14,Storage Module
0649,Scientific Quality,49,20,19,21.74,95,N/A,1000,Airlock
0650,Water Cup,46,49,42,48.29,58,2025-07-13,65,Medical Bay
0651,Scientific Nor,39,29,41,22.89,97,2026-11-15,75,Airlock
0652,Scientific Very,16,22,23,48.77,18,2025-05-13,24,Laboratory
0653,Water Important,25,38,45,2.8,81,2025-12-29,71,Airlock
0654,Oxygen Teacher,33,17,5,6.12,20,N/A,1000,Crew Quarters
0655,Tools Be,7,31,47,12.12,35,2025-09-16,86,Crew Quarters
0656,Tools Western,13,33,30,13.33,59,2026-12-01,88,Airlock
0657,Equipment Everyone,8,13,38,8.06,98,2026-08-15,41,Crew Quarters
0658,Scientific Onto,5,11,9,24.67,45,2026-06-07,44,Medical Bay
0659,Oxygen To,15,12,35,11.33,80,2026-06-24,34,Storage Module
0660,Water Television,35,14,23,44.52,61,2026-12-18,12,Medical Bay
0661,Food Hospital,36,10,40,5.56,98,2025-08-31,18,Airlock
0662,Tools Represent,44,14,36,14.14,13,2027-02-05,79,Medical Bay
0663,Oxygen Create,32,15,45,42.6,12,2025-11-15,20,Laboratory
0664,Oxygen Or,15,33,40,1.9,17,2026-11-04,18,Storage Module
0665,Medical Various,47,49,39,43.69,83,2026-04-28,67,Medical Bay
0666,Oxygen Least,5,34,16,29.41,85,2026-04-08,3,Laboratory
0667,Tools Nice,21,47,40,30.38,83,N/A,1000,Laboratory
0668,Medical Join,40,14,26,37.17,27,2025-12-08,20,Storage Module
0669,Water High,48,35,38,27.33,71,2025-07-06,73,Medical Bay
0670,Medical Turn,43,36,32,12.16,94,2026-09-06,30,Storage Module
0671,Water Another,25,42,18,22.6,22,2026-07-03,11,Crew Quarters
0672,Food Rest,43,15,15,20.66,89,2026-04-06,36,Crew Quarters
0673,Food Future,27,39,13,14.58,30,N/A,1000,Laboratory
0674,Food Never,41,41,28,23.78,100,2027-03-13,30,Laboratory
0675,Medical Modern,15,18,36,11.12,83,N/A,1000,Storage Module
0676,Water Win,23,18,21,49.06,40,2026-05-24,21,Crew Quarters
0677,Water Weight,22,14,26,9.04,26,2026-04-01,1,Laboratory
0678,Water To,27,7,34,24.04,6,2026-12-24,89,Storage Module
0679,Medical Thousand,5,17,25,40.29,71,N/A,1000,Crew Quarters
0680,Equipment Away,17,48,19,35.46,1,2026-12-12,58,Medical Bay
0681,Scientific End,15,30,10,20.1,81,2025-06-27,87,Medical Bay
0682,Oxygen Sing,36,49,49,20.19,65,2025-12-20,38,Storage Module
0683,Oxygen Must,11,33,36,42.3,71,N/A,1000,Airlock
0684,Tools Everything,17,27,37,43.93,22,2026-08-31,93,Storage Module
0685,Oxygen Region,23,9,13,17.11,25,2025-06-19,82,Crew Quarters
0686,Equipment Step,15,13,8,47.49,19,2025-06-21,54,Storage Module
0687,Water Exactly,16,27,25,4.51,60,2025-07-16,52,Airlock
0688,Oxygen Green,10,14,39,8.72,43,2026-11-23,21,Crew Quarters
0689,Medical Protect,11,8,28,39.65,13,2026-09-23,97,Airlock
0690,Food Report,7,26,22,3.78,2,2025-11-23,90,Airlock
0691,Oxygen Interesting,18,33,28,11.15,64,2025-11-17,39,Crew Quarters
0692,Scientific Beautiful,39,45,38,46.09,83,2026-05-12,84,Laboratory
0693,Tools Technology,31,37,21,42.17,3,2025-10-10,70,Medical Bay
0694,Water Just,48,33,20,20.12,28,N/A,1000,Laboratory
0695,Equipment Trade,37,20,13,46.43,74,2025-05-20,95,Medical Bay
0696,Oxygen Trip,26,47,48,18.63,46,2025-11-14,17,Storage Module
0697,Scientific Or,26,48,13,20.84,60,2027-01-10,13,Crew Quarters
0698,Scientific Fight,48,31,34,9.96,60,2026-03-12,69,Crew Quarters
0699,Tools Decade,17,34,29,8.52,49,2025-05-13,72,Airlock
0700,Medical Issue,13,35,31,45.19,92,N/A,1000,Storage Module
0701,Water Appear,49,25,19,39.37,36,2026-06-06,26,Laboratory
0702,Food Company,28,14,31,17.28,58,2025-07-07,48,Laboratory
0703,Equipment Project,13,43,13,36.49,22,2025-09-27,64,Storage Module
0704,Water Someone,15,12,47,25.89,32,2025-08-31,93,Laboratory
0705,Oxygen See,17,43,38,47.09,7,2026-10-06,54,Medical Bay
0706,Food Future,28,36,21,21.25,92,2025-07-16,85,Airlock
0707,Medical Rich,45,21,45,48.08,97,2025-12-05,68,Crew Quarters
0708,Equipment Water,49,15,36,43.81,5,2025-08-23,43,Crew Quarters
0709,Scientific Pattern,26,40,21,38.41,50,2025-08-02,27,Airlock
0710,Medical Skin,26,26,10,1.56,55,2026-02-21,17,Crew Quarters
0711,Food Color,9,46,36,38.06,41,2026-10-30,11,Medical Bay
0712,Food Together,31,32,38,44.51,85,2025-08-31,41,Crew Quarters
0713,Food Leg,39,13,41,37.48,75,2026-04-07,23,Laboratory
0714,Equipment Spring,12,20,31,34.67,30,2026-01-07,5,Airlock
0715,Medical Later,40,8,48,44.53,1,2025-07-04,27,Storage Module
0716,Equipment Cover,20,25,25,38.23,85,2026-05-30,92,Airlock
0717,Tools Market,43,36,23,3.8,77,2026-03-16,1,Laboratory
0718,Medical Oil,19,46,25,13.92,3,2025-10-18,80,Laboratory
0719,Scientific Article,15,17,6,28.82,12,2026-10-20,95,Airlock
0720,Oxygen Enter,41,45,17,14.16,52,2026-07-31,25,Crew Quarters
0721,Scientific Sure,10,21,6,46.67,62,2025-09-06,12,Storage Module
0722,Scientific Party,41,8,40,19.39,92,2026-08-25,72,Medical Bay
0723,Tools Who,48,5,49,10.23,23,2026-01-29,75,Medical Bay
0724,Food Follow,10,26,16,8.44,24,2026-04-10,90,Airlock
0725,Food Happy,15,41,14,27.46,75,N/A,1000,Storage Module
0726,Medical Actually,23,33,41,37.55,74,2026-01-09,96,Laboratory
0727,Tools Choose,35,32,49,27.89,22,2026-01-20,53,Airlock
0728,Water Very,16,45,31,39.92,66,2026-03-07,14,Crew Quarters
0729,Food Story,25,44,39,16.93,27,2025-07-31,13,Storage Module
0730,Food Add,8,49,22,19.3,16,2026-05-17,70,Medical Bay
0731,Food Home,14,30,18,46.6,89,2025-12-10,13,Storage Module
0732,Food Certainly,47,32,30,10.45,96,2027-03-16,31,Crew Quarters
0733,Tools Weight,14,5,23,4.75,71,2027-03-16,92,Medical Bay
0734,Tools Certain,38,43,40,40.0,56,2025-12-25,61,Crew Quarters
0735,Scientific Camera,18,13,48,44.27,36,2026-04-12,89,Airlock
0736,Water Laugh,8,17,29,26.3,82,2025-09-04,47,Storage Module
0737,Scientific Good,37,16,7,7.91,87,2026-10-18,13,Airlock
0738,Scientific Feeling,39,32,11,20.21,53,2025-05-04,8,Storage Module
0739,Medical Per,20,17,12,29.64,55,N/A,1000,Laboratory
0740,Water Activity,43,25,6,28.77,75,2026-06-17,46,Storage Module
0741,Medical Moment,45,48,23,47.68,19,N/A,1000,Medical Bay
0742,Tools If,7,43,48,46.54,46,2027-01-12,79,Airlock
0743,Oxygen Seek,24,24,15,2.04,63,2026-10-25,47,Crew Quarters
0744,Food Spend,32,9,45,11.28,28,N/A,1000,Laboratory
0745,Medical Discuss,42,19,39,24.57,19,N/A,1000,Crew Quarters
0746,Medical Those,35,41,12,12.83,54,2026-04-20,70,Medical Bay
0747,Tools Hotel,38,20,38,24.21,44,2026-12-02,43,Airlock
0748,Food Plant,7,18,15,39.13,39,2025-08-02,34,Storage Module
0749,Scientific Interest,6,49,10,1.64,41,N/A,1000,Laboratory
0750,Medical Mean,45,38,19,38.59,65,2027-02-26,82,Medical Bay
0751,Tools Cup,33,32,41,41.84,59,2026-08-29,18,Storage Module
0752,Equipment Those,30,15,46,37.77,35,2025-08-21,81,Medical Bay
0753,Food Scene,37,30,10,38.4,33,N/A,1000,Medical Bay
0754,Oxygen Listen,49,24,10,46.18,14,2026-01-24,55,Medical Bay
0755,Food Front,42,15,46,39.85,4,2025-05-19,6,Airlock
0756,Tools Dog,26,46,21,39.1,67,2026-06-12,49,Crew Quarters
0757,Scientific Control,30,40,7,45.93,70,2026-08-18,22,Medical Bay
0758,Tools Deep,33,42,10,14.37,60,2026-11-27,72,Airlock
0759,Medical Check,39,37,49,38.06,31,2025-07-25,12,Medical Bay
0760,Medical Condition,12,8,33,48.5,27,2026-07-26,5,Storage Module
0761,Oxygen Help,6,45,31,11.08,56,2026-06-04,17,Airlock
0762,Medical Will,34,10,19,32.83,41,2026-01-02,65,Crew Quarters
0763,Equipment Resource,38,22,47,12.91,82,N/A,1000,Crew Quarters
0764,Food Ahead,12,29,34,31.17,39,2026-01-14,48,Laboratory
0765,Medical Claim,16,13,22,42.69,84,2027-02-25,18,Medical Bay
0766,Water Traditional,47,40,20,17.16,77,2025-09-12,57,Crew Quarters
0767,Equipment Wind,31,16,15,18.47,27,N/A,1000,Crew Quarters
0768,Food Whom,30,40,13,49.35,79,2026-08-17,25,Crew Quarters
0769,Oxygen Economic,32,7,31,19.63,13,2026-04-10,74,Laboratory
0770,Equipment Argue,7,25,42,6.61,28,2026-11-07,18,Storage Module
0771,Scientific Practice,7,9,42,41.52,89,2026-06-28,55,Airlock
0772,Tools Partner,27,34,19,28.96,71,2026-04-16,84,Medical Bay
0773,Scientific Performance,35,19,30,11.65,66,2026-01-17,25,Airlock
0774,Equipment Cover,11,44,28,23.45,13,2026-12-28,39,Airlock
0775,Equipment Spend,33,46,26,23.54,52,2026-05-28,76,Medical Bay
0776,Food Visit,42,27,24,47.01,66,2025-12-07,84,Airlock
0777,Scientific Responsibility,46,15,23,31.89,94,2026-10-30,54,Crew Quarters
0778,Scientific Glass,18,24,26,6.21,65,2027-02-03,18,Airlock
0779,Tools Member,44,19,43,31.77,24,2025-08-21,35,Storage Module
0780,Water Can,8,48,25,21.63,90,2027-01-10,83,Medical Bay
0781,Equipment Affect,31,25,23,3.91,89,2025-08-28,68,Laboratory
0782,Tools Add,44,44,31,11.48,99,N/A,1000,Medical Bay
0783,Oxygen Set,41,38,14,10.42,39,2027-03-27,46,Medical Bay
0784,Scientific Street,33,16,19,41.17,42,2026-05-02,89,Medical Bay
0785,Food Something,7,26,5,20.53,60,2027-01-20,56,Airlock
0786,Medical Never,48,43,30,29.05,70,N/A,1000,Medical Bay
0787,Water Include,19,16,26,40.45,79,2025-11-13,76,Airlock
0788,Water Social,34,28,40,6.8,35,2027-03-14,85,Medical Bay
0789,Oxygen Ask,8,31,46,49.32,43,2027-03-22,33,Storage Module
0790,Oxygen Participant,5,25,37,2.03,26,2025-11-27,18,Laboratory
0791,Oxygen Choice,32,29,48,25.62,96,2026-12-08,2,Crew Quarters
0792,Scientific Today,21,30,48,39.76,30,2026-04-18,37,Airlock
0793,Food Black,42,32,23,46.69,78,2026-02-12,3,Storage Module
0794,Medical Already,46,12,32,47.83,41,2025-05-21,95,Crew Quarters
0795,Medical Teach,45,19,19,5.87,88,2026-12-06,14,Airlock
0796,Medical Strategy,49,41,35,43.87,48,2026-02-07,43,Medical Bay
0797,Equipment End,18,14,39,13.64,67,2026-01-17,24,Storage Module
0798,Equipment Hot,23,10,14,29.82,40,2025-11-24,18,Airlock
0799,Medical Experience,30,22,45,39.07,99,2026-02-11,83,Airlock
0800,Equipment Even,5,15,19,17.6,31,2026-05-10,90,Crew Quarters
0801,Scientific Direction,49,28,33,49.17,3,2025-09-10,42,Medical Bay
0802,Food Run,28,38,12,4.47,75,2025-09-23,12,Airlock
0803,Scientific Fish,45,46,12,6.69,17,2026-03-05,2,Airlock
0804,Tools Provide,34,46,33,44.65,74,2026-09-04,85,Storage Module
0805,Equipment Else,34,9,26,37.62,67,2026-09-02,2,Airlock
0806,Medical Offer,6,23,48,14.57,7,2025-07-02,94,Laboratory
0807,Medical Election,22,30,41,41.58,48,2026-09-15,16,Laboratory
0808,Equipment Why,14,5,33,28.95,50,N/A,1000,Medical Bay
0809,Tools American,21,15,24,42.33,18,2025-05-15,79,Laboratory
0810,Scientific Education,29,6,44,36.32,62,2025-05-15,39,Laboratory
0811,Tools Change,22,18,24,16.41,89,2027-01-11,24,Laboratory
0812,Scientific Article,47,40,7,8.11,25,2025-11-26,62,Medical Bay
0813,Oxygen Trip,37,36,14,31.03,96,2026-11-19,57,Storage Module
0814,Equipment Outside,6,24,28,2.84,99,2025-09-22,76,Medical Bay
0815,Scientific Late,11,36,15,40.81,1,2026-09-04,38,Laboratory
0816,Scientific Firm,28,43,19,44.73,24,2026-05-28,32,Medical Bay
0817,Medical Executive,15,5,34,2.42,98,N/A,1000,Medical Bay
0818,Water Evening,30,24,8,45.92,50,2027-02-18,47,Airlock
0819,Water Including,23,39,36,36.44,34,N/A,1000,Storage Module
0820,Oxygen Name,22,30,10,2.03,95,2026-12-25,78,Laboratory
0821,Equipment How,20,6,41,25.34,93,2025-09-28,73,Crew Quarters
0822,Equipment Camera,20,6,42,19.33,38,2026-04-24,16,Storage Module
0823,Water Feeling,31,45,17,11.58,12,2027-03-04,21,Crew Quarters
0824,Food Morning,29,9,40,37.13,6,2026-08-22,58,Crew Quarters
0825,Medical Hit,14,20,8,46.77,96,2025-11-30,27,Laboratory
0826,Medical Reduce,32,49,19,43.02,19,2025-12-21,92,Laboratory
0827,Medical Major,43,34,23,11.34,2,N/A,1000,Storage Module
0828,Oxygen Inside,17,47,40,7.48,40,2026-11-19,39,Crew Quarters
0829,Tools Occur,45,24,27,21.14,56,2026-03-02,52,Laboratory
0830,Equipment Since,32,23,35,32.76,36,2025-06-26,41,Laboratory
0831,Tools New,46,39,46,38.79,61,2027-02-21,94,Storage Module
0832,Scientific From,11,41,16,42.25,37,2025-11-01,25,Storage Module
0833,Food Risk,6,47,15,25.03,48,2027-02-25,2,Medical Bay
0834,Scientific Able,46,24,44,41.56,47,2027-03-03,50,Airlock
0835,Tools North,42,44,16,47.89,94,2026-03-01,22,Airlock
0836,Oxygen Public,30,40,44,12.27,14,2026-06-13,12,Laboratory
0837,Tools Reason,22,24,25,20.73,83,2025-08-06,72,Laboratory
0838,Equipment Remember,45,8,21,23.45,32,2027-02-07,73,Medical Bay
0839,Scientific Similar,22,36,12,40.78,75,N/A,1000,Medical Bay
0840,Medical Purpose,13,44,37,10.99,60,2025-07-25,80,Laboratory
0841,Oxygen Draw,18,9,18,40.98,36,N/A,1000,Airlock
0842,Oxygen Throughout,8,44,42,5.52,57,N/A,1000,Laboratory
0843,Tools Direction,9,28,33,47.03,31,2026-01-24,44,Airlock
0844,Medical Wind,18,27,23,27.25,40,2026-11-01,30,Storage Module
0845,Water Own,43,25,26,34.7,78,2025-07-17,12,Crew Quarters
0846,Oxygen Into,6,35,39,30.85,66,N/A,1000,Airlock
0847,Scientific Control,27,45,14,31.81,61,2026-11-02,37,Laboratory
0848,Tools Development,15,6,46,41.89,27,2025-05-11,66,Medical Bay
0849,Oxygen Win,8,12,30,46.85,5,N/A,1000,Medical Bay
0850,Tools Line,40,37,49,6.13,18,2026-02-14,74,Medical Bay
0851,Equipment World,43,39,27,38.89,87,2027-01-24,86,Airlock
0852,Medical Issue,24,23,12,35.46,68,2026-09-16,35,Medical Bay
0853,Oxygen Would,49,25,31,46.14,95,2025-10-12,35,Laboratory
0854,Tools Where,35,40,36,36.53,73,N/A,1000,Storage Module
0855,Tools Or,17,33,17,48.55,18,N/A,1000,Crew Quarters
0856,Food Or,15,20,24,1.53,44,2026-08-08,22,Medical Bay
0857,Oxygen Truth,33,43,15,5.72,2,2025-07-10,81,Medical Bay
0858,Equipment Choice,41,44,5,44.84,53,2025-11-02,7,Airlock
0859,Tools Maintain,9,42,30,22.35,28,2025-08-09,54,Laboratory
0860,Medical Research,11,27,29,23.51,95,2025-08-03,39,Storage Module
0861,Oxygen Food,22,23,5,26.04,88,N/A,1000,Medical Bay
0862,Equipment Bag,24,10,12,11.9,64,2026-08-03,74,Storage Module
0863,Medical Major,48,20,49,45.05,35,2025-06-28,86,Storage Module
0864,Medical Boy,48,15,48,47.86,60,2026-03-15,31,Crew Quarters
0865,Water Student,35,26,47,49.82,69,2025-06-05,95,Crew Quarters
0866,Oxygen Hand,10,37,47,11.5,15,2025-10-27,86,Crew Quarters
0867,Medical Building,45,46,49,7.29,32,2026-07-25,1,Laboratory
0868,Food Could,38,9,20,44.54,5,2026-01-07,68,Airlock
0869,Medical Who,19,8,16,32.37,12,2026-04-10,14,Medical Bay
0870,Equipment Scientist,32,6,23,42.61,79,N/A,1000,Laboratory
0871,Medical Almost,10,37,32,48.16,12,2025-11-26,7,Laboratory
0872,Equipment He,41,39,34,47.54,49,2026-10-30,15,Crew Quarters
0873,Equipment Accept,29,5,32,20.06,82,N/A,1000,Laboratory
0874,Food Allow,40,40,30,22.45,65,2025-06-13,3,Storage Module
0875,Medical Final,25,15,21,35.63,37,2026-04-13,95,Storage Module
0876,Equipment Five,37,22,49,4.67,28,2027-03-13,30,Airlock
0877,Food Both,41,35,12,9.88,40,2025-11-03,35,Laboratory
0878,Water Lead,15,13,25,41.24,32,2026-12-22,40,Storage Module
0879,Oxygen Nation,11,45,42,24.45,72,N/A,1000,Medical Bay
0880,Water Create,12,16,12,39.91,42,2026-03-10,66,Storage Module
0881,Oxygen After,7,11,15,17.64,51,N/A,1000,Crew Quarters
0882,Scientific Sea,11,19,26,33.47,89,2026-01-07,95,Medical Bay
0883,Medical Reduce,28,48,28,9.23,65,2026-06-18,9,Airlock
0884,Tools Brother,27,18,39,18.13,54,2025-09-15,68,Laboratory
0885,Tools Account,17,22,39,43.42,73,N/A,1000,Laboratory
0886,Food Choice,9,6,44,44.25,48,2025-05-18,11,Laboratory
0887,Water Appear,11,16,5,19.57,27,2026-10-15,49,Storage Module
0888,Medical Anything,45,24,40,48.99,40,2026-10-08,33,Medical Bay
0889,Medical Street,38,17,10,30.47,75,2026-01-29,36,Laboratory
0890,Food Tonight,9,37,31,28.98,61,2027-02-08,94,Crew Quarters
0891,Oxygen Wish,15,18,11,18.91,75,N/A,1000,Medical Bay
0892,Scientific Dog,45,37,32,41.64,53,2026-08-02,22,Laboratory
0893,Scientific Century,14,17,21,48.39,72,N/A,1000,Airlock
0894,Oxygen Thing,45,22,19,30.7,95,2025-12-21,99,Laboratory
0895,Oxygen Be,11,11,46,17.83,8,2025-11-12,15,Medical Bay
0896,Oxygen Ok,42,20,7,3.47,72,2027-03-11,64,Laboratory
0897,Scientific Mean,29,43,8,2.85,100,2025-12-15,98,Crew Quarters
0898,Scientific Fall,20,6,39,14.84,63,N/A,1000,Medical Bay
0899,Water Stuff,48,17,17,40.48,46,2025-11-21,86,Storage Module
0900,Oxygen Answer,32,16,30,39.02,11,N/A,1000,Crew Quarters
0901,Tools History,34,14,15,2.29,43,N/A,1000,Storage Module
0902,Water This,25,17,40,15.34,11,2025-11-07,29,Laboratory
0903,Oxygen Other,31,19,40,6.27,85,N/A,1000,Storage Module
0904,Scientific Task,43,23,48,47.33,54,2026-10-19,38,Airlock
0905,Oxygen Feel,10,27,40,17.91,50,2026-10-13,87,Crew Quarters
0906,Tools News,5,12,25,37.75,55,N/A,1000,Storage Module
0907,Scientific Center,11,39,10,47.99,63,N/A,1000,Crew Quarters
0908,Equipment Alone,29,11,34,13.42,5,2026-10-05,98,Laboratory
0909,Scientific Practice,38,34,26,30.87,35,2025-05-28,70,Laboratory
0910,Scientific Growth,41,25,48,31.32,7,N/A,1000,Airlock
0911,Food Change,26,46,20,6.0,55,2026-05-16,96,Airlock
0912,Water Kind,27,44,33,20.45,65,2026-10-24,74,Laboratory
0913,Tools Never,46,41,23,42.18,65,2026-10-26,89,Airlock
0914,Medical List,13,33,9,30.22,8,2026-07-30,70,Airlock
0915,Scientific Follow,24,21,25,14.72,47,2026-08-04,87,Laboratory
0916,Oxygen Have,24,26,26,26.44,74,2026-05-18,6,Airlock
0917,Scientific New,33,44,42,43.52,7,N/A,1000,Airlock
0918,Equipment Center,6,39,45,8.0,17,2027-02-16,27,Storage Module
0919,Tools Almost,37,16,11,28.62,79,2026-03-21,24,Airlock
0920,Food Better,15,18,24,19.78,44,2027-02-08,36,Storage Module
0921,Tools Dream,39,20,39,18.56,36,2027-01-07,23,Laboratory
0922,Tools Material,18,14,41,47.84,33,2025-10-03,34,Storage Module
0923,Food Lead,20,33,11,28.83,18,2026-05-20,69,Airlock
0924,Scientific Idea,12,48,34,42.51,20,N/A,1000,Storage Module
0925,Equipment Family,7,14,8,43.51,21,2026-08-26,75,Airlock
0926,Tools Bar,15,18,13,14.31,33,N/A,1000,Airlock
0927,Scientific Rather,29,23,30,49.32,92,N/A,1000,Airlock
0928,Medical Often,8,14,39,39.68,68,N/A,1000,Airlock
0929,Medical Three,18,11,49,33.93,60,2026-12-03,30,Medical Bay
0930,Tools Consumer,35,11,30,45.16,59,2025-12-16,12,Crew Quarters
0931,Oxygen Decide,7,22,29,35.15,96,2026-01-10,25,Crew Quarters
0932,Equipment Father,8,23,13,9.67,34,N/A,1000,Airlock
0933,Water Most,33,37,42,43.19,71,2027-01-23,84,Laboratory
0934,Water Article,37,27,8,42.6,21,N/A,1000,Medical Bay
0935,Equipment Turn,35,44,27,3.98,79,2025-05-13,63,Laboratory
0936,Scientific Begin,40,35,16,24.61,13,2025-06-11,79,Medical Bay
0937,Tools Cost,21,16,9,6.78,30,2026-01-19,36,Medical Bay
0938,Water Key,16,41,32,41.8,10,2025-09-26,99,Laboratory
0939,Oxygen Nature,35,28,49,39.0,93,2025-09-19,26,Crew Quarters
0940,Scientific Few,12,22,48,8.83,70,2027-03-03,66,Storage Module
0941,Oxygen These,48,28,9,44.98,74,2025-09-21,59,Crew Quarters
0942,Scientific Choose,27,36,40,5.81,27,2025-09-16,64,Laboratory
0943,Equipment Security,5,46,32,42.81,72,2026-02-25,3,Medical Bay
0944,Tools Her,16,49,31,23.2,26,2025-08-30,38,Storage Module
0945,Scientific Popular,28,41,49,46.48,14,2027-03-04,16,Crew Quarters
0946,Oxygen Body,47,35,5,39.21,22,2025-09-27,51,Medical Bay
0947,Equipment Become,29,10,23,20.89,95,2027-03-18,69,Storage Module
0948,Medical Attention,27,34,6,30.15,73,2026-11-03,92,Laboratory
0949,Oxygen Along,8,18,26,30.62,63,2025-11-15,92,Storage Module
0950,Water What,42,16,46,16.51,39,2026-03-28,85,Storage Module
0951,Tools For,20,35,23,22.3,17,2027-02-22,64,Airlock
0952,Equipment Develop,17,44,29,8.14,79,2026-04-23,3,Laboratory
0953,Food Nor,13,11,47,17.52,30,N/A,1000,Storage Module
0954,Equipment Computer,6,17,44,24.19,48,2025-08-03,18,Laboratory
0955,Tools Whole,22,15,18,42.65,45,2026-01-26,94,Storage Module
0956,Tools Product,38,6,34,32.98,15,2026-12-09,42,Storage Module
0957,Scientific Church,6,41,11,18.93,28,2025-07-03,79,Medical Bay
0958,Scientific Center,39,10,6,28.65,51,2027-03-03,33,Crew Quarters
0959,Tools Store,22,26,20,31.18,90,N/A,1000,Medical Bay
0960,Equipment Religious,11,38,42,22.55,35,2026-08-17,94,Medical Bay
0961,Water Cause,13,11,46,7.57,3,2027-02-03,59,Airlock
0962,Medical Few,21,7,31,23.34,21,2025-07-07,54,Airlock
0963,Oxygen Fish,44,25,26,44.96,65,2026-09-24,62,Airlock
0964,Scientific Pattern,9,27,45,2.83,60,2026-11-09,20,Airlock
0965,Food Nearly,43,40,43,37.92,94,2026-06-06,9,Storage Module
0966,Tools Want,44,20,31,23.79,42,2025-05-29,59,Airlock
0967,Medical More,46,19,37,26.98,48,2026-11-04,3,Laboratory
0968,Oxygen Hotel,13,6,30,3.26,28,2025-08-12,56,Laboratory
0969,Medical Record,13,8,33,15.83,26,2025-11-12,33,Medical Bay
0970,Medical Seek,30,31,24,27.86,60,N/A,1000,Medical Bay
0971,Water My,22,34,32,3.1,92,2026-01-17,27,Medical Bay
0972,Oxygen Detail,34,36,28,35.3,21,2026-08-28,41,Medical Bay
0973,Equipment Minute,14,27,30,22.83,12,2026-12-04,41,Medical Bay
0974,Food Special,21,42,16,32.5,1,2025-09-23,89,Crew Quarters
0975,Food Offer,8,38,23,22.73,8,2026-08-11,90,Laboratory
0976,Food Claim,45,23,12,46.27,36,2026-08-16,42,Storage Module
0977,Oxygen Brother,9,5,9,21.51,85,N/A,1000,Storage Module
0978,Medical Adult,26,34,9,37.12,30,N/A,1000,Crew Quarters
0979,Oxygen Against,5,26,45,21.43,52,2025-07-14,53,Laboratory
0980,Equipment Start,41,6,15,6.53,6,N/A,1000,Airlock
0981,Medical Food,36,9,6,29.25,15,2027-03-04,1,Airlock
0982,Oxygen Be,16,45,19,42.07,24,2026-07-20,29,Crew Quarters
0983,Tools Push,34,39,9,11.56,26,2026-04-26,73,Airlock
0984,Medical Four,31,41,44,31.07,86,2026-07-21,70,Storage Module
0985,Scientific Sign,8,26,15,35.44,74,N/A,1000,Storage Module
0986,Water Matter,30,43,33,12.68,36,N/A,1000,Storage Module
0987,Scientific Into,27,21,33,34.01,12,2026-12-12,10,Airlock
0988,Scientific Cup,31,12,41,6.86,30,2026-08-16,45,Storage Module
0989,Food Last,48,27,49,38.65,48,2025-07-13,92,Airlock
0990,Medical Despite,48,14,35,17.63,7,2025-05-10,42,Medical Bay
0991,Equipment Charge,32,9,31,4.16,3,2025-07-11,19,Storage Module
0992,Tools Nor,19,7,31,14.36,32,2027-02-03,33,Crew Quarters
0993,Equipment Staff,27,30,8,27.37,4,N/A,1000,Laboratory
0994,Scientific Beat,47,20,14,29.31,35,2026-07-12,72,Airlock
0995,Water Soon,49,15,29,34.27,37,N/A,1000,Medical Bay
0996,Scientific Prevent,33,47,30,8.69,98,2026-10-05,67,Medical Bay
0997,Water Available,47,9,38,4.32,20,2026-09-11,50,Crew Quarters
0998,Tools Pass,47,45,27,41.13,24,2027-04-02,59,Crew Quarters
0999,Food Admit,25,12,20,14.58,50,2026-08-08,33,Airlock
1000,Equipment Still,32,17,41,16.04,82,2025-05-11,40,Storage Module
